{
  "Id": 954,
  "Name": "Los Angeles",
  "State": "California",
  "Population": 3884307,
  "Lon": -118.2436849,
  "Lat": 34.0522342
}